<?xml version="1.0" encoding="UTF-8"?>
<!--
 Copyright (c) 2019 SAP SE or an SAP affiliate company. All rights reserved. The files in this addon are licensed under the Apache Software License, v. 2 except as noted otherwise in the LICENSE file.
-->
<beans xmlns="http://www.springframework.org/schema/beans"
       xmlns:xsi="http://www.w3.org/2001/XMLSchema-instance"
       xmlns:aop="http://www.springframework.org/schema/aop"
       xmlns:context="http://www.springframework.org/schema/context"
       xsi:schemaLocation="http://www.springframework.org/schema/beans
           http://www.springframework.org/schema/beans/spring-beans.xsd
           http://www.springframework.org/schema/aop
           http://www.springframework.org/schema/aop/spring-aop.xsd
           http://www.springframework.org/schema/context
           http://www.springframework.org/schema/context/spring-context.xsd">
           
    <context:annotation-config/> 


	<!-- Expose /acceleratoraddon/web/webroot/WEB-INF/messages/base.js.properties  resource bundle as javascript variables -->
	<bean id="defaultSpartacussampledataaddonJavaScriptMessageResourceAccessor" parent="abstractJavaScriptMessageResourceAccessor">
		<property name="addOnName" value="spartacussampledataaddon"/>
	</bean>

	<bean id="defaultSpartacussampledataaddonBeforeViewJsPropsHandlerAdaptee" parent="abstractBeforeViewJsPropsHandlerAdaptee" class="de.hybris.platform.addonsupport.interceptors.ExportJsPropertiesBeforeViewHandler">
		<property name="messageSource" ref="defaultSpartacussampledataaddonJavaScriptMessageResourceAccessor"/>
	</bean>

	<bean id="getSpartacussampledataaddonBeforeViewHandler" parent="beforeViewHandlerAdapter">
		<property name="adaptee">
			<ref bean="defaultSpartacussampledataaddonBeforeViewJsPropsHandlerAdaptee"/>
		</property>
	</bean>
	<bean id="SpartacussampledataaddonBeforeViewHandlerListMergeDirective" depends-on="beforeViewHandlersList" parent="listMergeDirective">
		<property name="add" ref="getSpartacussampledataaddonBeforeViewHandler"/>
	</bean>

</beans>
